CODIGO SKU;PRODUCTO;MARCA;SERIE;PRECIO DE VENTA;STOCK INICIAL;ENTRADAS;SALIDAS;STOCK VIGENTE;CONTADOS
RYG-ABR-0001;ABRAZADERA DORADITA;ESTÁNDAR;S/N;0.5;300;0;0;300;NO CONTADO
RYG-ABR-0002;ABRAZADERA GRANDE;ESTÁNDAR;S/N;2;1800;100;0;1900;NO CONTADO
RYG-ABR-0003;ABRAZADERA MEDIANO;ESTÁNDAR;S/N;2;200;500;0;700;NO CONTADO
RYG-ABR-0004;ABRAZADERA PEQUEÑO;ESTÁNDAR;S/N;2;1400;200;0;1600;NO CONTADO
RYG-ACO-0001;ACOPLES DE TOMA DE CARGA ESPECIAL;ESTÁNDAR;S/N;40;33;0;6;27;NO CONTADO
RYG-ADP-0001;ADAPTADOR DE AGUA GNV : 5/8;S/N;S/N;25;135;0;14;121;NO CONTADO
RYG-ADP-0002;ADAPTADOR DE AGUA GNV: 3/4;ESTÁNDAR;S/N;25;53;0;5;48;NO CONTADO
RYG-BAS-0001;BASE EN L;;;150;0;0;0;0;NO CONTADO
RYG-BOB-0001;BOBINA DE ENCENDIDO;4E NUEVA;90919-02226- IH-20034;130;2;0;0;2;NO CONTADO
RYG-BOB-0002;BOBINA DE ENCENDIDO;TOYOTA AVANZA MODERNO(2010 AL 2016);90919-C2004/ JK099700-2580;130;7;0;4;3;NO CONTADO
RYG-BOB-0003;BOBINA DE ENCENDIDO;CHEVROLET CRAKER;DQG3403AW;130;2;0;0;2;NO CONTADO
RYG-BOB-0004;BOBINA DE ENCENDIDO;CHEVROLET SAIL MODERNO;WL03-0277;130;5;0;0;5;NO CONTADO
RYG-BOB-0005;BOBINA DE ENCENDIDO;BRILLANCE;WL03-0076/250963;130;0;10;5;5;NO CONTADO
RYG-BOB-0006;BOBINA DE ENCENDIDO;CHANA DON-FEN;DQG3128;130;4;0;0;4;NO CONTADO
RYG-BOB-0007;BOBINA DE ENCENDIDO;CHANGAN N90;IMP-32181;130;8;0;1;7;NO CONTADO
RYG-BOB-0008;BOBINA DE ENCENDIDO;CHANGUE;WL03-0072;130;6;0;0;6;NO CONTADO
RYG-BOB-0009;BOBINA DE ENCENDIDO;CHERY QQ;IMP-08123;130;1;0;0;1;NO CONTADO
RYG-BOB-0010;BOBINA DE ENCENDIDO;CHEVROLET PRISMA;12669351;130;4;0;0;4;NO CONTADO
RYG-BOB-0011;BOBINA DE ENCENDIDO;CHEVROLET SONIC/ CRACKER;25186687- Wl03-0245;420;1;0;0;1;NO CONTADO
RYG-BOB-0012;BOBINA DE ENCENDIDO;CHEVROLET SPARK 3CC;WL03-0195;130;1;0;0;1;NO CONTADO
RYG-BOB-0013;BOBINA DE ENCENDIDO;DAEWOO TICCO;96320818 / IH-21036;38;6;0;1;5;NO CONTADO
RYG-BOB-0014;BOBINA DE ENCENDIDO;DAIHATSU;KD-9601;130;4;0;0;4;NO CONTADO
RYG-BOB-0015;BOBINA DE ENCENDIDO;FORD;BK2Q-9D475-CB;130;2;0;0;2;NO CONTADO
RYG-BOB-0016;BOBINA DE ENCENDIDO;GELLY - CHANGAN;WL03-0004/CA-4031;130;2;1;1;2;NO CONTADO
RYG-BOB-0017;BOBINA DE ENCENDIDO;GREAT WALL;WL03-0045/ F01R00A013;130;4;0;0;4;NO CONTADO
RYG-BOB-0018;BOBINA DE ENCENDIDO;HONDA PILOT CIVIC 1.7;1019-00072;130;6;0;0;6;NO CONTADO
RYG-BOB-0019;BOBINA DE ENCENDIDO;HYUNDAI - KIA 2015;KD-8031A/ 27301-23700;180;1;1;0;2;NO CONTADO
RYG-BOB-0020;BOBINA DE ENCENDIDO;HYUNDAI ACCENT;WL03-0251/ 27301-02600;180;1;2;1;2;NO CONTADO
RYG-BOB-0021;BOBINA DE ENCENDIDO;HYUNDAI ACCENT;27301-26640;130;4;0;0;4;NO CONTADO
RYG-BOB-0022;BOBINA DE ENCENDIDO;HYUNDAI ACCENT SONATA;CA.3406;130;4;0;0;4;NO CONTADO
RYG-BOB-0023;BOBINA DE ENCENDIDO;HYUNDAI STA FE, KIA OPTIMA;27301-3E400;130;2;0;1;1;NO CONTADO
RYG-BOB-0024;BOBINA DE ENCENDIDO;HYUNDAI STA FE, KIA OPTIMA (ALTERNATIVO);27301-3E400;90;4;0;0;4;NO CONTADO
RYG-BOB-0025;BOBINA DE ENCENDIDO;JAC REFINE;WL03-0026/1026102GAA;130;6;0;0;6;NO CONTADO
RYG-BOB-0026;BOBINA DE ENCENDIDO;JAC REFINE MODERNO;F01R00A066;130;12;0;0;12;NO CONTADO
RYG-BOB-0027;BOBINA DE ENCENDIDO;KIA PICANTO MODERNO;27301-04110;130;7;0;2;5;NO CONTADO
RYG-BOB-0028;BOBINA DE ENCENDIDO;MAZDA;KD-3403;130;1;0;0;1;NO CONTADO
RYG-BOB-0029;BOBINA DE ENCENDIDO;NISSAN HR ORIGINAL;22448-ED000;130;0;0;0;0;NO CONTADO
RYG-BOB-0030;BOBINA DE ENCENDIDO;NISSAN VERSA;22448-1KT0A;130;3;0;0;3;NO CONTADO
RYG-BOB-0031;BOBINA DE ENCENDIDO;RENAULT LOGAN;IH-20083;130;2;0;1;1;NO CONTADO
RYG-BOB-0032;BOBINA DE ENCENDIDO;SONATA;27301-23400 (WL14-0051);130;5;0;0;5;NO CONTADO
RYG-BOB-0033;BOBINA DE ENCENDIDO;SONATA( ALTERNATIVO);27301-23400 (WL14-0051);90;8;0;0;8;NO CONTADO
RYG-BOB-0034;BOBINA DE ENCENDIDO;SUZUKI APV ORIGINAL;IMP-32147;150;2;0;0;2;NO CONTADO
RYG-BOB-0035;BOBINA DE ENCENDIDO;SUZUKI GRAND NOMADE;33400-65J00;130;4;0;0;4;NO CONTADO
RYG-BOB-0036;BOBINA DE ENCENDIDO;SUZUKI,ALTO,CELERIO,VITARA;WL03-0189 / KD-9123;130;14;0;0;14;NO CONTADO
RYG-BOB-0037;BOBINA DE ENCENDIDO;TOYOTA 2017;90919-T2010;130;23;0;0;23;NO CONTADO
RYG-BOB-0038;BOBINA DE ENCENDIDO;TOYOTA AVANZA ANTIGUO( HASTA 2011);KD-9119 / 19070-BZ040;130;4;0;0;4;NO CONTADO
RYG-BOB-0039;BOBINA DE ENCENDIDO;TOYOTA DISTRIBUIDOR 4E;90919-02164 (WL03-0202);130;1;2;0;3;NO CONTADO
RYG-BOB-0040;BOBINA DE ENCENDIDO;TOYOTA GDI;90919-02248;130;14;0;0;14;NO CONTADO
RYG-BOB-0041;BOBINA DE ENCENDIDO;TOYOTA RAV4 - ORIGINAL;90919-02244;130;5;0;0;5;NO CONTADO
RYG-BOB-0042;BOBINA DE ENCENDIDO;CHEVROLET CRUZE;96476979;420;2;0;0;2;NO CONTADO
RYG-BOB-0043;BOBINA DE ENCENDIDO;MAZDA 3;9120A;130;7;0;0;7;NO CONTADO
RYG-BOB-0044;BOBINA DE ENCENDIDO;MITSUBISHI JAC J6 ( CAÑA CORTA);IMP-32176/F01R00A012;130;9;0;0;9;NO CONTADO
RYG-BOB-0045;BOBINA DE ENCENDIDO;NISSAN QG;22448-6N015;130;1;6;4;3;NO CONTADO
RYG-BOB-0046;BOBINA DE ENCENDIDO;TOYOTA YARIS (ALTERNATIVA);BN-40031-02240;130;8;0;3;5;NO CONTADO
RYG-BOB-0047;BOBINA DE ENCENDIDO;CHEVROLET N300;F01R00A027;130;4;0;2;2;NO CONTADO
RYG-BOB-0048;BOBINA DE ENCENDIDO;JAC J2,J3,S3;03-0138A / 102669066020 / F01R00A047;130;5;0;0;5;NO CONTADO
RYG-BOB-0049;BOBINA DE ENCENDIDO;TOYOTA PROBOX ORIGINAL;90919-02240;130;7;0;2;5;NO CONTADO
RYG-BOB-0050;BOBINA DE ENCENDIDO;CHANGAN, HAFEI, JUNYI (ANTIGUA);WL03-0173 /F01R00A028/A045/DQG1217;130;3;0;2;1;NO CONTADO
RYG-BOB-0051;BOBINA DE ENCENDIDO;BYD ORIGINAL QB;3705100/fk0398473;130;4;0;4;0;CONTADO
RYG-BOB-0052;BOBINA DE ENCENDIDO;KIA;27301-2B010;130;2;20;10;12;NO CONTADO
RYG-BOB-0053;BOBINA DE ENCENDIDO;MAZDA 3,6/ CX7;12A366;130;2;0;0;2;NO CONTADO
RYG-BOB-0054;BOBINA DE ENCENDIDO;NISSAN GA;KD-3404;130;2;0;0;2;NO CONTADO
RYG-BOB-0055;BOBINA DE ENCENDIDO;CHANGAN, HAFEI, JUNYI (MODERNO);WL03-0173 /F01R00A028/A045/DQG1217;130;9;3;3;9;NO CONTADO
RYG-BOB-0056;BOBINA DE ENCENDIDO;HAIMA;IMP-32123;0;2;0;0;2;NO CONTADO
RYG-BOB-0057;BOBINA DE ENCENDIDO;TOYOTA 2017 ORIGINAL;90919-T2010;130;0;10;10;0;NO CONTADO
RYG-BOB-0058;BOBINA DE ENCENDIDO;LIFAN;19005270;130;0;2;0;2;NO CONTADO
RYG-BOB-0059;BOBINA DE ENCENDIDO;JETOUR;F01R00A092;130;0;4;1;3;NO CONTADO
RYG-BOB-0060;BOBINA DE ENCENDIDO;TUCSON;27301-2M417;130;0;8;0;8;NO CONTADO
RYG-BOB-0061;BOBINA DE ENCENDIDO;DONGFENG 2025;28264038;130;0;0;0;0;NO CONTADO
RYG-BOB-0062;BOBINA DE ENCENDIDO;RENAULT;8200568671;130;0;8;0;8;NO CONTADO
RYG-BOB-0063;BOBINA DE ENCENDIDO;HOMDA CIVIC;30520-RNA-A01;130;0;0;0;0;NO CONTADO
RYG-BOB-0064;BOBINA DE ENCENDIDO 3 CILINDRO 4 PIN;CHEVROLET;96291054;130;1;0;0;1;NO CONTADO
RYG-BOB-0065;BOBINA DE ENCENDIDO AMAPART;SUZUKI;33410-51K60 // JH10761-0405;130;15;0;3;12;NO CONTADO
RYG-BOB-0066;BOBINA DE ENCENDIDO BOSCH;DONGFEN CAPTAIN;F01R00A052;130;16;0;0;16;NO CONTADO
RYG-BOB-0067;BOBINA DE ENCENDIDO CADIC;CHEVROLET SPAR 4 CILINDROS (4 PINES);KD-8004- 0013;130;11;0;0;11;NO CONTADO
RYG-BOB-0068;BOBINA DE ENCENDIDO CADIC;ESTÁNDAR;KD-9007;130;2;0;0;2;NO CONTADO
RYG-BOB-0069;BOBINA DE ENCENDIDO CADIC;HYUNDAY;KD-8032D / 27301-26600;350;2;1;1;2;NO CONTADO
RYG-BOB-0070;BOBINA DE ENCENDIDO CADIC;KIA SORRENTO / HYUNDAY;KD-9020-3C000;130;7;0;0;7;NO CONTADO
RYG-BOB-0071;BOBINA DE ENCENDIDO CADIC;CHEVROLET SPAR 4 CILINDROS(3 PINES);WL13-0014;130;3;0;1;2;NO CONTADO
RYG-BOB-0072;BOBINA DE ENCENDIDO COROLON;TOYOTA COROLLA;90919-02258;130;13;0;1;12;NO CONTADO
RYG-BOB-0073;BOBINA DE ENCENDIDO DONG AUTOMOTRIZ;KIA;27301-2B010 ALT;90;59;0;6;53;NO CONTADO
RYG-BOB-0074;BOBINA DE ENCENDIDO GENUINE PART;CHEVROLET SAIL ANTIGUO;9023781 // WL03-0090;130;5;0;1;4;NO CONTADO
RYG-BOB-0075;BOBINA DE ENCENDIDO GENUINE PART;HYUNDAY;27301-03200 (0357);130;15;4;7;12;NO CONTADO
RYG-BOB-0076;BOBINA DE ENCENDIDO GENUINE PART;HYUNDAY(ALTERNATIVO);27301-03200 (0357);90;10;0;0;10;NO CONTADO
RYG-BOB-0077;BOBINA DE ENCENDIDO GENUINE PART;KIA PICANTO ANTIGUO;27301-04000;130;15;0;1;14;NO CONTADO
RYG-BOB-0078;BOBINA DE ENCENDIDO HYUNDAY;OPTIMA / SONATA;27301-03150;130;11;0;3;8;NO CONTADO
RYG-BOB-0079;BOBINA DE ENCENDIDO HYUNDAY;OPTIMA / SONATA(ALTERNATIVO);27301-03150;90;5;0;0;5;NO CONTADO
RYG-BOB-0080;BOBINA DE ENCENDIDO MOBIC;HYUNDAY - STA FE - SONATA;27300-3F100 / KD-9020A;130;13;0;3;10;NO CONTADO
RYG-BOB-0081;BOBINA DE ENCENDIDO MOBIC;HYUNDAY / KIA;27301-2E000;130;4;5;1;8;NO CONTADO
RYG-BOB-0082;BOBINA DE ENCENDIDO MOBIC;HYUNDAY / KIA (ALTERNATIVO);27301-2E000;90;9;0;0;9;NO CONTADO
RYG-BOB-0083;BOBINA DE ENCENDIDO SARUBA;CHEVROLET AVEO / CHEVI / SUZUKI;S/N;130;4;0;0;4;NO CONTADO
RYG-BOB-0084;BOBINA DE ENCENDIDO SARUBA;SUZUKI CELERIO;SB03-0142/DQG3113M;130;7;0;1;6;NO CONTADO
RYG-BOB-0085;BOBINA DE ENCENDIDO SARUBA;DON FEN;WL03-0074/DQG3117X/28244734;130;38;0;6;32;NO CONTADO
RYG-BOB-0086;BOBINA DE ENCENDIDO TOYOTA;TOYOTA WISH;90919-02239;130;11;0;0;11;NO CONTADO
RYG-BOB-0087;BOBINA DE ENCENDIDO WEILI;BYD;WL03-0041;130;2;0;0;2;NO CONTADO
RYG-BOB-0088;BOBINA DE ENCENDIDO WEILI;KIA CARENS;WL03-0067 -22373 / CA-3411;130;10;0;0;10;NO CONTADO
RYG-BOB-0089;BOBINA DE ENCENDIDO WEILI;SUZUKI APV/ CHANGAN;WL03-0011;130;7;0;0;7;NO CONTADO
RYG-BOB-0090;BOBINA DE ENCENDIDO WEILI;FAW;WL03-0085/3603040-28K;130;10;0;0;10;NO CONTADO
RYG-BOB-0091;BOBINA DE IMPORTACION;NISSAN HR;IMPORTACION;130;4;0;0;4;NO CONTADO
RYG-BOB-0092;BOBINA DE IMPORTACION;TOYOTA 4E;IMPORTACION;130;8;0;0;8;NO CONTADO
RYG-BOB-0093;BOBINA DE IMPORTACION;TOYOTA PROBOX/YARIS;IMPORTACION;130;18;0;3;15;NO CONTADO
RYG-BOB-0094;BOBINA DE IMPORTACION;TOYOTA RAV4;IMPORTACION;130;3;0;0;3;NO CONTADO
RYG-BOB-0095;BOBINA DE IMPORTACION;TOYOTA WISH;IMPORTACION;130;3;0;0;3;NO CONTADO
RYG-BOB-0096;BOBINA DE REDUCTOR;OBM;S/N;90;32;0;6;26;NO CONTADO
RYG-BOB-0097;BOBINA DE REDUCTOR;TOMASETTO;CON CONECTOR;90;2;33;19;16;NO CONTADO
RYG-BOB-0098;BOBINA DE REDUCTOR;TOMASETTO;CON TERMINAL;90;5;20;19;6;NO CONTADO
RYG-BOB-0099;BOBINA DE REDUCTOR 3RA;BRC;S/N;90;34;10;0;44;NO CONTADO
RYG-BOB-0100;BOBINA DE REDUCTOR 3RA GLP;LOVATO;S/N;90;13;10;3;20;NO CONTADO
RYG-BOB-0101;BOBINA DE REDUCTOR 3RA GNV;TOMASETTO;S/N;90;9;0;1;8;NO CONTADO
RYG-BOB-0102;BOBINA DE REDUCTOR 5TA GNV;LOVATO;S/N;90;3;10;0;13;NO CONTADO
RYG-BOB-0103;BOBINA DE ENCENDIDO;LIFAN;C04015;0;0;0;0;0;NO CONTADO
RYG-BOB-0104;BOBINA DE ENCENDIDO;;ATOS WL03-0137/27301/02600;0;1;0;0;1;NO CONTADO
RYG-BOB-0105;BOBINA DE ENCENDIDO;HONDA CIVIC;30520-RNA-A01;130;0;8;0;8;NO CONTADO
RYG-BOB-0106;BOBINA DE ENCENDIDO;MAZDA ANTOGUO(98);1016-18100;130;0;2;0;2;NO CONTADO
RYG-BOB-0107;BOBINA DE ENCENDIDO;SUBARU;224633-AA360;210;0;0;0;0;NO CONTADO
RYG-BOL-0001;BOLSA DE VENTEO;ESTANDAR;S/N;30;149;0;0;149;NO CONTADO
RYG-BMB-0001;BOMBA;HYUNDAI;31111-1W000;130;10;0;0;10;NO CONTADO
RYG-BMB-0002;BOMBA;HYUNDAI ( CAJA GRANDE);IMP-65410;250;0;0;0;0;NO CONTADO
RYG-BMB-0003;BOMBA DE GASOILINA;CHANGAN;24522833;0;13;0;0;13;NO CONTADO
RYG-BMB-0004;BOMBA DE GASOLINA;TOYOTA ENVIDIA;77020-0D180;0;0;0;0;0;NO CONTADO
RYG-BMB-0005;BOMBA DE GASOLINA AKTION;CHEVROLET SPAR;IH-19008;170;6;0;0;6;NO CONTADO
RYG-BMB-0006;BOMBA DE GASOLINA DEPPONT (pico largo liso);TOYOTA;23220-28090;150;22;0;0;22;NO CONTADO
RYG-BMB-0007;BOMBA DE GASOLINA ELECTRICA;S/N;HEP-02A;140;15;0;3;12;NO CONTADO
RYG-BMB-0008;BOMBA DE GASOLINA MOBIS;HYUNDAY;31111-1R000;160;9;0;0;9;NO CONTADO
RYG-BMB-0009;BOMBA DE GASOLINA TOYOTA (sin pico);TOYOTA ANTIGUO;23220-0P010;180;10;0;0;10;NO CONTADO
RYG-BMB-0010;BOMBA DE GASOLINA UNIVERSAL;ESTÁNDAR;WL01-0002;90;43;0;0;43;NO CONTADO
RYG-BMB-0011;BOMBA DE GASOLUINA;BOSCH;580453481;170;19;0;0;19;NO CONTADO
RYG-BUJ-0001;BUJIAS;BOSH;K16;15;0;0;0;0;NO CONTADO
RYG-BUJ-0002;BUJIAS;TOYOTA IRIDIUM DENSO;90914-01275 / SC16HR11;52.5;5;48;36;17;NO CONTADO
RYG-BUJ-0003;BUJIAS;NGK;LZKR6B-10E;20;309;0;116;193;NO CONTADO
RYG-BUJ-0004;BUJIAS;SHINERAY IRIDIUM GP;CR9EIX;47.5;0;0;0;0;NO CONTADO
RYG-BUJ-0005;BUJIAS;NGK;LFR5A-11;22.5;428;0;45;383;NO CONTADO
RYG-BUJ-0006;BUJIAS;DENSO UNIVERSAL : 2 ELECTRODOS;79006(K16);20;20;78;64;34;NO CONTADO
RYG-BUJ-0007;BUJIAS;NGK;BPR5EY;15;28;80;19;89;NO CONTADO
RYG-BUJ-0008;BUJIAS;CHEVROLET SAIL MODERNO;DCPR7E;17.5;277;0;54;223;NO CONTADO
RYG-BUJ-0009;BUJIAS;NGK;BKR5E;12.5;859;0;326;533;NO CONTADO
RYG-BUJ-0010;BUJIAS;CHINERAY;B7RTC-9;15;28;0;8;20;NO CONTADO
RYG-BUJ-0011;BUJIAS;HYUNDAY;18846-10060;47.5;1;100;57;44;NO CONTADO
RYG-BUJ-0012;BUJIAS;HYUNDAY;18855-10060;22.5;33;72;57;48;NO CONTADO
RYG-BUJ-0013;BUJIAS;NGK;BKR5EGP;30;38;0;8;30;NO CONTADO
RYG-BUJ-0014;BUJIAS;NGK GRUESO HIRIDION;BPR5EGP;35;41;0;12;29;NO CONTADO
RYG-BUJ-0015;BUJIAS;NISSAN;FXE20HR11;47.5;101;0;0;101;NO CONTADO
RYG-BUJ-0016;BUJIAS;CHEVROLET SAIL;DCPR7EIX;190;16;0;0;16;NO CONTADO
RYG-BUJ-0017;BUJIAS DE ENCENDIDO;MONTACARGA;AUTOLITE;120;0;0;0;0;NO CONTADO
RYG-BUJ-0018;BUJIAS PLATINIUM / CAÑA LARGA;DENSO PLATINIUM;PKH16TT;47.5;10;20;16;14;NO CONTADO
RYG-BYD-0001;BYD ORIGINAL;3705100 QE;;130;2;4;2;4;NO CONTADO
RYG-CAB-0001;CABLE DE BUJIA;VOLKSWAGUEN GOLF;TYM-42116;110;6;0;0;6;NO CONTADO
RYG-CAB-0002;CABLE DE BUJIA;CHANA HAFEI;WL14-0183;80;30;0;0;30;NO CONTADO
RYG-CAB-0003;CABLE DE BUJIA;CHANGAN N90;WL14-0087;110;16;0;0;16;NO CONTADO
RYG-CAB-0004;CABLE DE BUJIA;CHEVROLET SPARK;WL14-0453;110;6;0;0;6;NO CONTADO
RYG-CAB-0005;CABLE DE BUJIA;CHERY QQ;WL14-0107;110;5;0;1;4;NO CONTADO
RYG-CAB-0006;CABLE DE BUJIA;CHERY TICO;WL14-0096;110;4;0;1;3;NO CONTADO
RYG-CAB-0007;CABLE DE BUJIA;DAEWOO RACER;IH-21044;110;6;0;0;6;NO CONTADO
RYG-CAB-0008;CABLE DE BUJIA;FOTON;WL14-0024;110;4;0;0;4;NO CONTADO
RYG-CAB-0009;CABLE DE BUJIA;HYUNDAI ACCENT/ CHERRY A3;IMP-19109;110;5;0;0;5;NO CONTADO
RYG-CAB-0010;CABLE DE BUJIA;NISSAN BLUE BIRD 1998;IH-42178;110;4;0;0;4;NO CONTADO
RYG-CAB-0011;CABLE DE BUJIA;NISSAN Z20;IH-21022;110;6;5;3;8;NO CONTADO
RYG-CAB-0012;CABLE DE BUJIA;SHINERAY;IH-21083;110;4;0;0;4;NO CONTADO
RYG-CAB-0013;CABLE DE BUJIA;SUBARU,FAW,SUZUKI APV;IMP-21025;110;5;0;0;5;NO CONTADO
RYG-CAB-0014;CABLE DE BUJIA;SUZUKI SWIFT;33705-80G00;80;5;0;1;4;NO CONTADO
RYG-CAB-0015;CABLE DE BUJIA;TOYOTA 3S,4S;CB-201A;110;1;0;0;1;NO CONTADO
RYG-CAB-0016;CABLE DE BUJIA;VOLKSWAGUEN;WL14-0449;110;9;0;1;8;NO CONTADO
RYG-CAB-0017;CABLE DE BUJIA;CHEVROLET PRISMA;TYM-42128;110;4;0;0;4;NO CONTADO
RYG-CAB-0018;CABLE DE BUJIA;HONDA ACOR;S/N;110;7;0;0;7;NO CONTADO
RYG-CAB-0019;CABLE DE BUJIA;TICCO, MATIZ;C1128;60;6;0;2;4;NO CONTADO
RYG-CAB-0020;CABLE DE BUJIA;CHEVY TAXI;SB14-0076-0077;110;5;0;1;4;NO CONTADO
RYG-CAB-0021;CABLE DE BUJIA;TOYOTA 3S;RC-TE43;190;2;0;1;1;NO CONTADO
RYG-CAB-0022;CABLE DE BUJIA;NISSAN GA;WL14-0153;110;6;0;1;5;NO CONTADO
RYG-CAB-0023;CABLE DE BUJIA;SHINERAY;DN5113A;110;7;0;2;5;NO CONTADO
RYG-CAB-0024;CABLE DE BUJIA;FOTON;OE-492Q;110;1;3;0;4;NO CONTADO
RYG-CAB-0025;CABLE DE BUJIA;KIA RIO 2015;WL14-0181- 03100;110;5;7;5;7;NO CONTADO
RYG-CAB-0026;CABLE DE BUJIA;CHANGAN;WL14-0003/0062/IMP-21033;110;11;0;1;10;NO CONTADO
RYG-CAB-0027;CABLE DE BUJIA ( CON GANCHO);TOYOTA;CB-208;110;1;0;0;1;NO CONTADO
RYG-CAB-0028;CABLE DE BUJIA NGK;NISSAN GA15;SC-E08;170;1;0;1;0;NO CONTADO
RYG-CAB-0029;CABLE DE BUJIA NGK;TOYOTA 4E ( LARGO);SC-W05;170;4;0;3;1;NO CONTADO
RYG-CAB-0030;CABLE DE BUJIA NGK;TOYOTA 4E (CORTO);SC-W07;170;0;0;0;0;NO CONTADO
RYG-CAB-0031;CABLE DE ENCENDIDO;GREAT WALL-FOTON;3707210;110;0;2;1;1;NO CONTADO
RYG-CAB-0032;CABLES BUJIAS WUEILI;HYUNDAY;WL14-0033- IH-21052;110;2;6;2;6;NO CONTADO
RYG-CAB-0033;CABLES DE BUJIAS;TOYOTA 4E;WL14-0067;110;21;0;1;20;NO CONTADO
RYG-CAB-0034;CABLES DE BUJIAS;TOYOTA HYLUX;90919-22357;110;4;0;1;3;NO CONTADO
RYG-CAB-0035;CABLES DE BUJIAS;HONDA CIVIC;32700-PCA-003 CB-501;110;5;0;1;4;NO CONTADO
RYG-CAB-0036;CABLES DE BUJIAS ISIS;FOTON;CB-802;110;13;0;0;13;NO CONTADO
RYG-CAB-0037;CABLES DE BUJIAS ISSIS;GREATWALL;IMP-42195;110;4;0;2;2;NO CONTADO
RYG-CAB-0038;CABLES DE BUJIAS SARUBA;JAC REFINE;CB-140092- IH-21066;110;9;0;2;7;NO CONTADO
RYG-CAB-0039;CABLES DE BUJIAS WEILI;CHANA;WL14-0115;110;11;0;0;11;NO CONTADO
RYG-CAB-0040;CABLES DE BUJIAS WEILI;CHEVROLET AVEO;WL14-0078;110;5;0;1;4;NO CONTADO
RYG-CAB-0041;CABLES DE BUJIAS WEILI;CHEVROLET N300;WL14-0061- 24512522;110;5;0;0;5;NO CONTADO
RYG-CAB-0042;CABLES DE BUJIAS WEILI;CHEVROLET SPAR 3 CILINDROS;WL14-0175- 96291306;60;7;0;2;5;NO CONTADO
RYG-CAB-0043;CABLES DE BUJIAS WEILI;CHEVROLET SPAR 4 CILINDROS;WL14-0091;110;15;0;0;15;NO CONTADO
RYG-CAB-0044;CABLES DE BUJIAS WEILI;CHERY;WL14-0111;110;6;0;0;6;NO CONTADO
RYG-CAB-0045;CABLES DE BUJIAS WEILI;GELLY;WL14-0013;110;6;0;3;3;NO CONTADO
RYG-CAB-0046;CABLES DE BUJIAS WEILI;HYUNDAY;WL14-0032;110;12;0;0;12;NO CONTADO
RYG-CAB-0047;CABLES DE BUJIAS WEILI;LAND ROVER;WL14-0139;110;15;0;1;14;NO CONTADO
RYG-CAB-0048;CABLES DE BUJIAS WEILI;MINIVAN;WL14-0008;110;10;0;0;10;NO CONTADO
RYG-CAB-0049;CABLES DE BUJIAS WEILI;TOYOTA 2E;WL14-0194;110;5;0;1;4;NO CONTADO
RYG-CAB-0050;CABLES DE BUJIAS WEILI;TOYOTA COROLLA/ 3E;CB-205;110;6;0;0;6;NO CONTADO
RYG-CAB-0051;CABLES DE BUJIAS WEILI;TOYOTA TERCEL;WL14-0426;110;1;2;2;1;CONTADO
RYG-CAB-0052;CABLES DE BUJIAS WEILI;HYUNDAY I10 / KIA PICANTO;WL14-0034;110;22;0;2;20;NO CONTADO
RYG-CAB-0053;CABLES DE BUJIAS WEILI;JAC J6 B CROSS;IH-21065;110;4;5;0;9;NO CONTADO
RYG-CAB-0054;CABLES DE BUJIAS WEILI;CHANGAN;WL14-0074;80;32;0;21;11;CONTADO
RYG-CAM-0001;CAMARA HERMETICA CILINDRICA GLP;ESTÁNDAR;S/N;30;43;0;8;35;NO CONTADO
RYG-CAM-0002;CAMARA HERMETICA TOROIDAL GLP;ESTÁNDAR;S/N;30;4;30;2;32;NO CONTADO
RYG-CAA-0001;CAÑA DE BOBINA;HAIMA;S/N;20;3;20;2;21;NO CONTADO
RYG-CAA-0002;CAÑA DE BOBINA;NISSAN QG;S/N;20;17;50;4;63;NO CONTADO
RYG-CAA-0003;CAÑA DE BOBINA;MAZDA MEDIANA;S/N;20;35;0;0;35;NO CONTADO
RYG-CAA-0004;CAÑA DE BOBINA;MEDIANA:BOCA ANCHA;;0;30;0;0;30;NO CONTADO
RYG-CAA-0005;CAÑA DE BOBINA;KIA SPORTAGE;;20;0;10;0;10;NO CONTADO
RYG-CAA-0006;CAÑA DE BOBINA (QUE SE LE SACA A LA BOBINA;CHANGAN;;20;1;0;0;1;NO CONTADO
RYG-CAA-0007;CAÑAS DE BOBINA;NISSAN HR;S/N;20;28;0;4;24;NO CONTADO
RYG-CAA-0008;CAÑAS DE BOBINA;CHANGAN M90;WL26-0277;20;24;0;0;24;NO CONTADO
RYG-CAA-0009;CAÑAS DE BOBINA;CHEVROLET SAIL;IH-16035;20;16;0;0;16;NO CONTADO
RYG-CAA-0010;CAÑAS DE BOBINA;GREATWALL DELGADO;;20;3;0;0;3;NO CONTADO
RYG-CAA-0011;CAÑAS DE BOBINA;GREATWALL NORMAL;;20;23;0;4;19;NO CONTADO
RYG-CAA-0012;CAÑAS DE BOBINA;JAC;IH-16027;20;18;0;7;11;NO CONTADO
RYG-CAA-0013;CAÑAS DE BOBINA;MAZDA PEQUEÑA;;20;29;0;0;29;NO CONTADO
RYG-CAA-0014;CAÑAS DE BOBINA;MITSUBISHI GRANDE: BOCA ANCHA;IH-16048;20;80;0;44;36;CONTADO
RYG-CAA-0015;CAÑAS DE BOBINA;MITSUBISHI GRANDE: BOCA CHICA;;20;13;20;1;32;NO CONTADO
RYG-CAA-0016;CAÑAS DE BOBINA;MITSUBISHI LARGO (GDI) 16CM;;20;49;0;4;45;NO CONTADO
RYG-CAA-0017;CAÑAS DE BOBINA;MITSUBISHI LARGO (GDI) 19CM;;20;25;0;0;25;NO CONTADO
RYG-CAA-0018;CAÑAS DE BOBINA;MITSUBISHI MEDIANA: BOCA CHICA;IH-16010;20;75;0;4;71;NO CONTADO
RYG-CAA-0019;CAÑAS DE BOBINA;MITSUBISHI PEQUEÑO: BOCA ANCHA;IH-16105;20;75;0;12;63;NO CONTADO
RYG-CAA-0020;CAÑAS DE BOBINA;MITSUBISHI PEQUEÑO: BOCA CHICA;WL26-0069;20;42;0;0;42;NO CONTADO
RYG-CAA-0021;CAÑAS DE BOBINA;PEUGEOT / FORD / FIAT;;20;26;0;0;26;NO CONTADO
RYG-CAA-0022;CAÑAS DE BOBINA;SUZUKI GRAND VITARA/ NOMADE;;20;43;0;4;39;NO CONTADO
RYG-CAA-0023;CAÑAS DE BOBINA;TOYOTA YARIS;;20;20;0;7;13;CONTADO
RYG-CAE-0001;CAÑERIA 8mm;;;90;14;0;0;14;NO CONTADO
RYG-CAE-0002;CAÑERIA GNV 6MM;ESTÁNDAR;;140;282;0;36;246;NO CONTADO
RYG-CHU-0001;CHUPON;RENAULT;;10;50;0;0;50;NO CONTADO
RYG-CHU-0002;CHUPON;TOYOTA AVANZA;;10;129;0;12;117;NO CONTADO
RYG-CHU-0003;CHUPON;TOYOTA YARIS;;10;1055;100;36;1119;NO CONTADO
RYG-CHU-0004;CHUPON;CHANGUE / SUSUKI;WL27-0005;10;131;0;7;124;NO CONTADO
RYG-CHU-0005;CHUPON;CHEVROLET SAIL;WL27-0001;10;28;0;16;12;NO CONTADO
RYG-CHU-0006;CHUPON;COROLOM;;10;22;0;0;22;NO CONTADO
RYG-CHU-0007;CHUPON;DONFEN;WL26-0139;10;39;0;9;30;NO CONTADO
RYG-CHU-0008;CHUPON;FAW;WL26-0085;10;36;0;5;31;NO CONTADO
RYG-CHU-0009;CHUPON;HYUNDAY;WL27-0004;10;54;0;15;39;NO CONTADO
RYG-CHU-0010;CHUPON;HYUNDAY ACCENT-KIA RIO;WL27-0003;10;19;50;8;61;NO CONTADO
RYG-CHU-0011;CHUPON;KIA PICANTO;WL27-0007;10;79;0;8;71;NO CONTADO
RYG-CHU-0012;CHUPON;SONATA;AG-90081;10;79;0;0;79;NO CONTADO
RYG-CHU-0013;CHUPON;SUZUKI CELERIO;WL26-0405;10;19;0;0;19;NO CONTADO
RYG-CHU-0014;CHUPON PEQUEÑO;SUSUKI SWIFT;;10;26;0;0;26;NO CONTADO
RYG-CIN-0001;CINTA AISLANTE;ESTÁNDAR;;5;0;0;0;0;NO CONTADO
RYG-CINTI-0001;CINTILLO GRANDE;ESTÁNDAR;;3;0;0;0;0;NO CONTADO
RYG-CINTI-0002;CINTILLO PEQUEÑO;ESTÁNDAR;;3;0;0;0;0;NO CONTADO
RYG-COD-0001;CODO DE REDUCTOR;;;25;43;0;36;7;CONTADO
RYG-COD-0002;CODO DE REDUCTOR (METAL);;;25;4;0;0;4;NO CONTADO
RYG-COD-0003;CODO DE REDUCTOR GAS;;;25;99;0;0;99;NO CONTADO
RYG-COD-0004;CODOS DE VENTEO;ESTANDAR;;10;30;0;0;30;NO CONTADO
RYG-CMP-0001;COMPUTADORA DE GAS;LANDIRENZO;;450;1;0;0;1;NO CONTADO
RYG-CMP-0002;COMPUTADORA DE GAS;LOVATO;;450;1;0;0;1;NO CONTADO
RYG-CMP-0003;COMPUTADORA DE GAS;AEB;;450;29;0;23;6;NO CONTADO
RYG-CNT-0001;CONECTOR ALTERNADOR;CHEVROLET SAIL;;20;8;0;0;8;NO CONTADO
RYG-CNT-0002;CONECTOR DE BOBINA;CHEVROLET SAIL;;20;3;20;4;19;NO CONTADO
RYG-CNT-0003;CONECTOR DE BOBINA;TOYOTA 4E;;20;11;0;2;9;NO CONTADO
RYG-CNT-0004;CONECTOR DE BOBINA;CHEVROLET SPARK, TICCO ( 4 PIN);;20;10;0;0;10;NO CONTADO
RYG-CNT-0005;CONECTOR DE BOBINA;CHEVROLET AVEO SPARK;;20;9;0;0;9;NO CONTADO
RYG-CNT-0006;CONECTOR DE BOBINA;DONGFEN IAC 3PINES;;20;13;0;2;11;NO CONTADO
RYG-CNT-0007;CONECTOR DE BOBINA;GELLY, LIFAN;;20;19;0;0;19;NO CONTADO
RYG-CNT-0008;CONECTOR DE BOBINA;HYUNDAI ACCENT 1.6;;20;14;0;1;13;NO CONTADO
RYG-CNT-0009;CONECTOR DE BOBINA;KIA RIO 2012;;20;8;0;1;7;NO CONTADO
RYG-CNT-0010;CONECTOR DE BOBINA;KIA RIO 2014-2016;27350-2B000;120;3;0;0;3;NO CONTADO
RYG-CNT-0011;CONECTOR DE BOBINA;NISSAN;;120;7;0;2;5;NO CONTADO
RYG-CNT-0012;CONECTOR DE BOBINA;SONATA;27350-23460;120;0;2;0;2;NO CONTADO
RYG-CNT-0013;CONECTOR DE BOBINA;TOYOTA YARIS -PROBOX;;20;20;0;1;19;NO CONTADO
RYG-CNT-0014;CONECTOR DE BOMBA;;;20;26;0;0;26;NO CONTADO
RYG-CNT-0015;CONECTOR DE CIGÜEÑAL O LEVAS;;;20;17;0;0;17;NO CONTADO
RYG-CNT-0016;CONECTOR DE FLUJO;NISSAN;;30;0;4;0;4;NO CONTADO
RYG-CNT-0017;CONECTOR DE INTERFAST MACHO;;;20;10;0;3;7;NO CONTADO
RYG-CNT-0018;CONECTOR DE INYECTOR;4E;;20;21;0;1;20;NO CONTADO
RYG-CNT-0019;CONECTOR DE INYECTOR;TOYOTA YARIS- PROBOX;;20;23;0;0;23;NO CONTADO
RYG-CNT-0020;CONECTOR DE INYECTOR RAIL;;;20;3;0;0;3;NO CONTADO
RYG-CNT-0021;CONECTOR DE LEVA;NISSAN HR;;20;20;0;0;20;NO CONTADO
RYG-CNT-0022;CONECTOR DE MANOMETRO AUGE;;;20;10;0;2;8;NO CONTADO
RYG-CNT-0023;CONECTOR DE MAP;HYUNDAI ( 4 PIN);;20;10;0;0;10;NO CONTADO
RYG-CNT-0024;CONECTOR DE OBTURADOR;HYUNDAI;;20;14;0;0;14;NO CONTADO
RYG-CNT-0025;CONECTOR DE RELAY;;;20;40;0;8;32;NO CONTADO
RYG-CNT-0026;CONECTOR DE SENSOR DE TEMPERATURA DE REDUCTOR;HYUNDAI;;20;14;0;0;14;NO CONTADO
RYG-CNT-0027;CONECTOR DE SENSOR IAC;;;20;66;0;3;63;NO CONTADO
RYG-CNT-0028;CONECTOR DISTRIBUIDOR;DAEWOO/ SENSOR DE TEMPERATURA CHEVROLET;;20;15;0;0;15;NO CONTADO
RYG-CNT-0029;CONECTOR DISTRIBUIDOR;NISSAN;;20;10;0;0;10;NO CONTADO
RYG-CNT-0030;CONECTOR DISTRIBUIDOR;NISSAN 7 PINES;;20;9;0;0;9;NO CONTADO
RYG-CNT-0031;CONECTOR EJE DE LEVA;;;20;20;0;0;20;NO CONTADO
RYG-CNT-0032;CONECTOR EJE LEVA QG;;;20;9;0;0;9;NO CONTADO
RYG-CNT-0033;CONECTOR FICHA BOSH : HEMBRA (2 PINES);;;20;18;0;9;9;CONTADO
RYG-CNT-0034;CONECTOR FICHA BOSH HEMBRA (3 PINES);;;20;25;0;2;23;NO CONTADO
RYG-CNT-0035;CONECTOR FICHA BOSH: 4 PINES;;;25;0;0;0;0;NO CONTADO
RYG-CNT-0036;CONECTOR FICHA BOSH: MACHO;;;20;46;0;1;45;NO CONTADO
RYG-CNT-0037;CONECTOR FLUJO;TOYOTA PROBOX;;20;27;0;1;26;NO CONTADO
RYG-CNT-0038;CONECTOR FLUJO NISSAN QG;;;20;9;0;2;7;NO CONTADO
RYG-CNT-0039;CONECTOR IAC;NISSAN;;20;4;0;1;3;NO CONTADO
RYG-CNT-0040;CONECTOR INTERFACE HEMBRA;;;20;23;0;1;22;NO CONTADO
RYG-CNT-0041;CONECTOR INYECTOR;BRC;;20;2;0;0;2;NO CONTADO
RYG-CNT-0042;CONECTOR INYECTOR;CHEVROLET SAIL;;20;9;0;9;0;CONTADO
RYG-CNT-0043;CONECTOR MAP AEB;;;20;9;0;1;8;NO CONTADO
RYG-CNT-0044;CONECTOR MAP BRC;;;20;8;0;1;7;NO CONTADO
RYG-CNT-0045;CONECTOR MAP CON VACIO;TOYOTA 3S-5A-4E;;20;17;0;2;15;NO CONTADO
RYG-CNT-0046;CONECTOR MAP LOVATO;;;20;18;0;3;15;NO CONTADO
RYG-CNT-0047;CONECTOR MAP/ SENSOR TPS;TOYOTA COROLLA;;20;15;0;0;15;NO CONTADO
RYG-CNT-0048;CONECTOR OBTURADOR;TOYOTA;;20;17;0;0;17;NO CONTADO
RYG-CNT-0049;CONECTOR SENSOR DE MINIMO;TOYOTA PROBOX;;20;20;0;5;15;NO CONTADO
RYG-CNT-0050;CONECTOR THERMOSWHIT TICO;DAEWOO;;20;20;0;0;20;NO CONTADO
RYG-CNT-0051;CONECTOR TPS;JAC REFINE;;20;24;0;2;22;NO CONTADO
RYG-CNT-0052;CONECTOR TPS;TOYOTA PROBOX / 4E;;20;7;0;1;6;NO CONTADO
RYG-CNT-0053;CONECTOR VVTI;NISSAN;;20;19;0;0;19;NO CONTADO
RYG-CNT-0054;CONECTOR VVTI;TOYOTA;;20;19;0;1;18;NO CONTADO
RYG-CNT-0055;CONECTOR FICHA BOSH 4 PIN;;;0;0;0;0;0;
RYG-CNM-0001;CONMUTADOR;ITATRONIC;;150;0;1;1;0;NO CONTADO
RYG-CNM-0002;CONMUTADOR 5TA;AEB;;150;73;0;6;67;NO CONTADO
RYG-CNM-0003;CONMUTADOR 5TA;BRC (4 PIN);;280;2;0;0;2;NO CONTADO
RYG-CNM-0004;CONMUTADOR 5TA;BRC ( 5 PIN);;250;0;0;0;0;NO CONTADO
RYG-CNM-0005;CONMUTADOR 5TA;LOVATO;;160;14;0;0;14;NO CONTADO
RYG-CNM-0006;CONMUTADOR 5TA;STAG;;140;2;0;0;2;NO CONTADO
RYG-CNM-0007;CONMUTADOR 5TA;LANDIRENZO;;160;3;0;1;2;NO CONTADO
RYG-CNM-0008;CONMUTADOR AEB CARBURADO (TERCERA);ESTÁNDAR;722;120;2;30;17;15;NO CONTADO
RYG-CNM-0009;CONMUTADOR AEB INYECTADO (TERCERA);ESTÁNDAR;725;120;13;16;8;21;NO CONTADO
RYG-CNM-0010;CONMUTADOR DIGITAL;;;150;12;0;0;12;NO CONTADO
RYG-CNM-0011;CONMUTADOR TERCERA CARBURADO IGT SIN MANOMETRO;ESTANDAR;;120;8;0;0;8;NO CONTADO
RYG-CON-0001;CONO GLP 6MM;ESTANDAR;;1;0;0;0;0;NO CONTADO
RYG-CON-0002;CONO GLP 8MM;ESTANDAR;;1;0;0;0;0;NO CONTADO
RYG-CON-0003;CONO GNV 6MM;ESTANDAR;;1;0;0;0;0;NO CONTADO
RYG-CUE-0001;CUERPÓS DE UNION DE CAÑERIA;;;25;29;0;0;29;NO CONTADO
RYG-DIA-0001;DIAFRAGMA 3ERA GLP BRC;;;130;26;0;0;26;NO CONTADO
RYG-DIA-0002;DIAFRAGMA 3ERA GLP LOVATO;;;130;14;0;3;11;NO CONTADO
RYG-DIA-0003;DIAFRAGMA 3ERA GLP TOMASETTO;;;130;16;0;6;10;NO CONTADO
RYG-DIA-0004;DIAFRAGMA 3ERA GLP ZAVOLI;;;130;10;0;0;10;NO CONTADO
RYG-DIA-0005;DIAFRAGMA 3ERA GNV LOVATO;;;130;70;0;1;69;NO CONTADO
RYG-DIA-0006;DIAFRAGMA 3RA GNV T.A.;;;130;15;0;0;15;NO CONTADO
RYG-DIA-0007;DIAFRAGMA 3RA GNV TOMASETTO ITALIANO;;;130;9;0;2;7;NO CONTADO
RYG-DIA-0008;DIAFRAGMA 5TA GLP;LOVATO;674000587;130;9;0;1;8;NO CONTADO
RYG-DIA-0009;DIAFRAGMA 5TA GLP ANTARTIC;;;130;8;0;0;8;NO CONTADO
RYG-DIA-0010;DIAFRAGMA 5TA GLP BRC;;;130;14;0;2;12;NO CONTADO
RYG-DIA-0011;DIAFRAGMA 5TA GLP LANDIRENZO;;;130;16;0;1;15;NO CONTADO
RYG-DIA-0012;DIAFRAGMA 5TA GLP TOMASETTO ( 3 CAPA);;;130;25;0;3;22;NO CONTADO
RYG-DIA-0013;DIAFRAGMA 5TA GLP TOMASETTO NORDIC (2 CAPA);;;130;18;0;3;15;NO CONTADO
RYG-DIA-0014;DIAFRAGMA 5TA GLP ZAVOLI;;;130;11;0;2;9;NO CONTADO
RYG-DIA-0015;DIAFRAGMA 5TA GNV;LANDIRENZO / LOVATO;674000686;130;20;0;0;20;NO CONTADO
RYG-DIA-0016;DIAFRAGMA 5TA GNV ARGENTINO;;;130;28;0;0;28;NO CONTADO
RYG-DIA-0017;DIAFRAGMA 5TA GNV DE AGUA;;;130;8;0;0;8;NO CONTADO
RYG-DIA-0018;DIAFRAGMA 5TA GNV LOVATO ANTIGUO;;674709000;130;20;0;1;19;NO CONTADO
RYG-DIA-0019;DIAFRAGMA 5TA GNV LOVATO MODERNO;;674800000;130;30;0;3;27;NO CONTADO
RYG-DIA-0020;DIAFRAGMA 5TA GNV MODERNO ( CORTADO);LOVATO;67400363;130;6;0;1;5;NO CONTADO
RYG-DIA-0021;DIAFRAGMA 5TA GNV TOMASETTO ACHILLE;;;130;3;0;0;3;NO CONTADO
RYG-DIA-0022;DIAFRAGMA 5TA GNV TOMASETTO AT12;;;130;37;0;5;32;NO CONTADO
RYG-DIA-0023;DIAFRAGMA 5TA GNV TOMASETTO NORMAL;;;130;4;0;0;4;NO CONTADO
RYG-DIA-0024;DIAFRAGMA 5TA GNV TOMASETTO ORIGINAL;;;130;3;0;0;3;NO CONTADO
RYG-DIS-0001;DISCO DE CORTE - NORTHON 41/2;ESTÁNDAR;;5;75;0;0;75;NO CONTADO
RYG-DIS-0002;DISPOSITIVO NOT PROBLEM;BRC;;0;1;0;0;1;NO CONTADO
RYG-ELC-0001;ELECTRONICA 4 CIL;;;850;1;25;21;5;NO CONTADO
RYG-ELC-0002;ELECTRONICA AEB 6 CILINDROS;;;1300;0;2;1;1;NO CONTADO
RYG-ELC-0003;ELECTRONICA AEB 8 CILINDROS;;;1500;0;2;1;1;NO CONTADO
RYG-ELC-0004;ELECTRONICA IGT;;;0;1;0;0;1;NO CONTADO
RYG-ELV-0001;ELECTROVALVULA DE GAS;ESTÁNDAR;;130;6;0;2;4;NO CONTADO
RYG-ELV-0002;ELECTROVALVULA DE GAS;BRC;;0;2;0;0;2;NO CONTADO
RYG-ELV-0003;ELECTROVALVULA DE GAS;STAG;;0;1;0;0;1;NO CONTADO
RYG-ELV-0004;ELECTROVALVULA DE GAS GNV;TOMASETTO;;130;4;0;0;4;NO CONTADO
RYG-ELV-0005;ELECTROVALVULA DE GASOLINA;ESTÁNDAR;;130;4;10;7;7;NO CONTADO
RYG-EMU-0001;EMULADOR AUTOGAS;ESTÁNDAR;;220;11;0;1;10;NO CONTADO
RYG-EQP-0001;EQUIPO COMPLETO 5TA GLP;BRC;;2500;4;3;0;7;NO CONTADO
RYG-EQP-0002;EQUIPO COMPLETO 5TA GLP;LANDIRENZO;;2800;2;3;2;3;NO CONTADO
RYG-EQP-0003;EQUIPO COMPLETO 5TA GNV;BRC;;2500;3;0;0;3;NO CONTADO
RYG-EQP-0004;EQUIPO COMPLETO 5TA GNV;STAG;;2800;0;0;0;0;NO CONTADO
RYG-EQP-0005;EQUIPO COMPLETO 5TA GNV;LANDIRENZO;;2800;2;0;0;2;NO CONTADO
RYG-EQP-0006;EQUIPO COMPLETO 6TA GNV;STAG;;2800;0;0;0;0;NO CONTADO
RYG-EQP-0007;EQUIPO COMPLETO GNV;TOMASETTO AEB;;1500;7;0;0;7;NO CONTADO
RYG-EQP-0008;EQUIPO COMPLETO GNV;TOMASETTO AUTOTRONIC;;1600;10;0;0;10;NO CONTADO
RYG-EQP-0009;EQUIPO COMPLETO GNV LANDIRENZO;;;0;2;0;0;2;NO CONTADO
RYG-ESC-0001;ESCATULA DE TOMA DE CARGA NORMAL IGT - GLP;ESTANDAR;;25;63;0;0;63;NO CONTADO
RYG-FLT-0001;FILTRO DE ELECTROVALVULA DE GAS;LANDIRENZO;;40;19;0;0;19;NO CONTADO
RYG-FLT-0002;FILTRO DE GAS;LOVATO;;40;34;0;9;25;NO CONTADO
RYG-FLT-0003;FILTRO DE GAS;LANDIRENZO;;60;14;0;11;3;NO CONTADO
RYG-FLT-0004;FILTRO DE GAS;ESTÁNDAR;;40;748;0;275;473;NO CONTADO
RYG-FLT-0005;FILTRO DE GAS;14*14;;40;39;0;3;36;CONTADO
RYG-FLT-0006;FILTRO DE GASOLINA;BYD;10242721-00;25;6;0;0;6;NO CONTADO
RYG-FLT-0007;FILTRO DE GASOLINA;CHEVROLET SPAR 4 CILINDROS;IH-17072;70;6;0;0;6;NO CONTADO
RYG-FLT-0008;FILTRO DE GASOLINA;TOYOTA PROBOX;IH-17005;80;4;0;0;4;NO CONTADO
RYG-FLT-0009;FILTRO DE GASOLINA;TOYOTA YARIS;77024-0D070;45;8;0;0;8;NO CONTADO
RYG-FLT-0010;FILTRO DE GASOLINA;CHEVROLET SAIL;9040408;30;6;0;0;6;NO CONTADO
RYG-FLT-0011;FILTRO DE GASOLINA;JAC REFINE;IH-17017;30;9;0;1;8;NO CONTADO
RYG-FLT-0012;FILTRO DE GASOLINA AKTION;KIA / HYUNDAY;IH-17019;90;2;0;0;2;NO CONTADO
RYG-FLT-0013;FILTRO DE GASOLINA AKTION;TOYOTA 2E;IH-17047;30;8;0;1;7;NO CONTADO
RYG-FLT-0014;FILTRO DE GASOLINA AKTION;TOYOTA 4E;IH-17049;30;23;0;0;23;NO CONTADO
RYG-FLT-0015;FILTRO DE GASOLINA AKTION;TOYOTA 4E;IH-17068;30;16;0;0;16;NO CONTADO
RYG-FLT-0016;FILTRO DE GASOLINA AKTION;UNIVERSAL;IH-17051;30;30;0;5;25;NO CONTADO
RYG-FLT-0017;FILTRO DE GASOLINA ISIS;KIA PICANTO;IMP-75032;80;7;0;0;7;NO CONTADO
RYG-FLT-0018;FILTRO DE GASOLINA NEPPON;TOYOTA;23300-23040;90;4;0;0;4;NO CONTADO
RYG-FLT-0019;FILTRO DE GASOLINA WEILI;ESTÁNDAR;WL-FF002;30;10;0;0;10;NO CONTADO
RYG-FLT-0020;FILTRO DE REDUCTOR;;;20;74;0;50;24;NO CONTADO
RYG-FLT-0021;FILTRO TOYOTA YARIS;;77024-02120;80;2;0;0;2;NO CONTADO
RYG-HUA-0001;HUACHA PLANA 7/16 MM;ESTANDAR;PLN00022;2;0;0;0;0;NO CONTADO
RYG-HUA-0002;HUACHA PRESION 7/16 MM;ESTANDAR;ARN12;2;0;0;0;0;NO CONTADO
RYG-INY-0001;INYECTOR;CHEVROLET SAIL;DF028157108;130;6;0;0;6;NO CONTADO
RYG-INY-0002;INYECTOR;DAEWOO;WL12-0070;130;4;0;0;4;NO CONTADO
RYG-INY-0003;INYECTOR CHEVROLET SPARK;;DF96620255 (IMP-22164);130;26;0;0;26;NO CONTADO
RYG-INY-0004;INYECTOR DE GASOLINA;JAC MOTOR 1000;IMP-22069/F01R00M0022;130;8;0;0;8;NO CONTADO
RYG-INY-0005;INYECTOR DE GASOLINA;GREATWALL;280156426;130;3;0;0;3;NO CONTADO
RYG-INY-0006;INYECTOR DE GASOLINA;CHANA DONGFEN;WL12-0134/ 0280156417/RT-18097/0280156171;130;6;0;0;6;NO CONTADO
RYG-INY-0007;INYECTOR DE GASOLINA;CHEVROLET AVEO;WL12-0063-25334150;130;8;0;0;8;NO CONTADO
RYG-INY-0008;INYECTOR DE GASOLINA;CHEVROLET CRUZE (JAC J3);DF25380933;130;6;0;0;6;NO CONTADO
RYG-INY-0009;INYECTOR DE GASOLINA;CHEVROLET N300;XH300681-0280156321);130;18;0;0;18;NO CONTADO
RYG-INY-0010;INYECTOR DE GASOLINA;FAW- ORIGINAL;XH300791;130;8;0;0;8;NO CONTADO
RYG-INY-0011;INYECTOR DE GASOLINA;GREAT WALL, CHERY QQ;0280156230 / IMP-22055;130;8;0;0;8;NO CONTADO
RYG-INY-0012;INYECTOR DE GASOLINA;HYUNDAI ELANTRA;35310-2E100;130;1;5;0;6;NO CONTADO
RYG-INY-0013;INYECTOR DE GASOLINA;HYUNDAI, KIA RIO;35310-37150;130;9;0;0;9;NO CONTADO
RYG-INY-0014;INYECTOR DE GASOLINA;JAC REFINE;WL12-0022 /25345994/22051;130;11;0;0;11;NO CONTADO
RYG-INY-0015;INYECTOR DE GASOLINA;JAC REFINE MODERNO;IMP-22357;130;13;0;0;13;NO CONTADO
RYG-INY-0016;INYECTOR DE GASOLINA;KIA PICANTO-HYUNDAI I10 2012;37310-2B000/IMP-22088;130;3;4;2;5;CONTADO
RYG-INY-0017;INYECTOR DE GASOLINA;LIFAN;IMP-22054;130;4;0;0;4;NO CONTADO
RYG-INY-0018;INYECTOR DE GASOLINA;NISSAN SENTRA GA16;WL12-0117;130;6;0;0;6;NO CONTADO
RYG-INY-0019;INYECTOR DE GASOLINA;NISSAN TIDDA;16600-ED000;130;4;0;0;4;NO CONTADO
RYG-INY-0020;INYECTOR DE GASOLINA;RENAULT LOGAN;280158034;130;10;0;0;10;NO CONTADO
RYG-INY-0021;INYECTOR DE GASOLINA;SUBARU,FAW,SUZUKI APV;DF1571061J00 / 22166;130;15;0;0;15;NO CONTADO
RYG-INY-0022;INYECTOR DE GASOLINA;SUZUKI;180412306;130;4;0;0;4;NO CONTADO
RYG-INY-0023;INYECTOR DE GASOLINA;TOYOTA 4E;DF2325016150-DF2325011050;130;10;0;2;8;NO CONTADO
RYG-INY-0024;INYECTOR DE GASOLINA;TOYOTA CELCA;DF2320974100;130;7;0;0;7;NO CONTADO
RYG-INY-0025;INYECTOR DE GASOLINA;TOYOTA YARIS;23250-21040 ( WL12-0115);130;3;0;1;2;NO CONTADO
RYG-INY-0026;INYECTOR DE GASOLINA;TOYOTA YARIS MODERNO 2017;280158213;130;6;0;2;4;NO CONTADO
RYG-INY-0027;INYECTOR DE GASOLINA;BYD F3, DONGFEN;DF28152065 : WL12-0120/28264039/IH-18105;130;8;0;0;8;NO CONTADO
RYG-INY-0028;INYECTOR DE GASOLINA;CHANA/HAFEI/DFSK/CHANGAN WULING;280156171;130;0;6;0;6;NO CONTADO
RYG-INY-0029;INYECTOR DE GASOLINA;CHERY TIGGO 2;3611011;130;5;0;0;5;NO CONTADO
RYG-INY-0031;INYECTOR DE GASOLINA;TOYOTA COROLLA 5A-FE;IMP-22153 / 22250-15030;130;4;0;0;4;NO CONTADO
RYG-INY-0032;INYECTOR DE GASOLINA;SUZUKI ERTIGA 1.5;15710-70R00;130;0;0;0;0;NO CONTADO
RYG-INY-0033;INYECTOR DE GASOLINA (SEGUNDA);;;130;4;0;0;4;NO CONTADO
RYG-INY-0034;INYECTOR DE GASOLINA IMPORTACION;QG;;130;15;0;4;11;NO CONTADO
RYG-INY-0035;INYECTOR GASOLINA;BYDF3,GELLY, DONGFEN MOTOR MITSUBISHI 1.6CC;DF0280156166/IH-18081;130;6;0;0;6;NO CONTADO
RYG-INY-0036;INYECTOR GASOLINA;HYUNDAI- KIA PICANTO;WL12-0129/04000;130;30;0;0;30;NO CONTADO
RYG-INY-0037;INYECTOR HYUNDAI;ELANTRA - SONATA KIA;35310-2B020;130;4;0;0;4;NO CONTADO
RYG-INY-0038;INYECTORES DE GASOLINA;TOYOTA PROBOX;FBJD100/23250-21020;120;2;6;0;8;NO CONTADO
RYG-INY-0039;INYECTOR DE GASOLINA;JAC J3,J6;2843520;130;0;6;4;2;NO CONTADO
RYG-KIT-0001;KIT DE ACCESORIOS LANDIRENZO;ESTÁNDAR;674915000;150;6;50;12;44;NO CONTADO
RYG-KIT-0002;KIT DE ACCESORIOS RAIL;;;120;12;30;18;24;NO CONTADO
RYG-LIM-0001;LIMPIA CATALIZADDOR;;;60;0;0;0;0;NO CONTADO
RYG-LIM-0002;LIMPIA MOTOR;;;25;11;0;1;10;NO CONTADO
RYG-LIM-0003;LIMPIACONTACTO;;;15;0;0;1;-1;NO CONTADO
RYG-MNG-0001;MANGUERA CORRUGADA : GRANDE;;;15;39;0;0;39;NO CONTADO
RYG-MNG-0002;MANGUERA CORRUGADA : MEDIANA;;;15;102;0;0;102;NO CONTADO
RYG-MNG-0003;MANGUERA CORRUGADA : PEQUEÑA;;;15;20;0;0;20;NO CONTADO
RYG-MNG-0004;MANGUERA DE AGUA GLP 16MM;ESTANDAR;;20;0;0;0;0;NO CONTADO
RYG-MNG-0005;MANGUERA DE AGUA GNV 8MM;ESTANDAR;;20;0;0;0;0;NO CONTADO
RYG-MNG-0006;MANGUERA DE GAS 12 MM;ESTANDAR;;20;0;0;0;0;NO CONTADO
RYG-MNG-0007;MANGUERA DE VACIO 5..5 MM;ESTANDAR;;20;0;0;0;0;NO CONTADO
RYG-MAN-0001;MANOMETRO 3RA T.A.;;;70;9;0;0;9;NO CONTADO
RYG-MAN-0002;MANOMETRO A.E.B.;;;80;5;0;0;5;NO CONTADO
RYG-MAN-0003;MANOMETRO AUGE 12 VLT;ESTANDAR;;90;3;0;0;3;NO CONTADO
RYG-MAN-0004;MANOMETRO AUGE 5VOLT;;;90;12;40;32;20;NO CONTADO
RYG-MAN-0005;MANOMETRO IGT;;;90;2;0;0;2;NO CONTADO
RYG-MAN-0006;MANOMETRO LOVATO;;;90;4;0;0;4;NO CONTADO
RYG-MAN-0007;MANOMETROS GNV T.A 5TA;ESTÁNDAR;;90;1;0;0;1;NO CONTADO
RYG-MZC-0001;MEZCLADOR;DAEWOO RACER;;70;7;0;0;7;NO CONTADO
RYG-MZC-0002;MEZCLADOR #45;;;90;5;0;1;4;NO CONTADO
RYG-MZC-0003;MEZCLADOR #60;;;70;3;0;0;3;NO CONTADO
RYG-MZC-0004;MEZCLADOR #65;;;70;7;0;0;7;NO CONTADO
RYG-MZC-0005;MEZCLADOR #70;;;90;3;0;1;2;NO CONTADO
RYG-MZC-0006;MEZCLADOR #71;;;90;7;0;3;4;NO CONTADO
RYG-MZC-0007;MEZCLADOR #84;;;90;1;0;1;0;NO CONTADO
RYG-MZC-0008;MEZCLADOR DE MOTO;;;90;4;0;0;4;NO CONTADO
RYG-MZC-0009;MEZCLADOR PAYASITO;;;90;0;0;0;0;NO CONTADO
RYG-MZC-0010;MEZCLADORES N° 62;ESTANDAR;;90;0;0;0;0;NO CONTADO
RYG-MZC-0011;MEZCLADORES N°56;ESTANDAR;;90;1;0;0;1;NO CONTADO
RYG-MZC-0012;MEZCLADORES N°57;ESTANDAR;;60;5;0;0;5;NO CONTADO
RYG-MZC-0013;MEZCLADORES N°61;ESTANDAR;;60;5;0;1;4;NO CONTADO
RYG-MZC-0014;MEZCLADORES N°63;ESTANDAR;ALTO;90;0;0;0;0;NO CONTADO
RYG-MZC-0015;MEZCLADORES N°63;ESTANDAR;BAJO;90;11;0;3;8;NO CONTADO
RYG-MZC-0016;MEZCLADORES N°78;ESTANDAR;;90;6;0;0;6;NO CONTADO
RYG-MZC-0017;MEZCLADOR #87;;;0;0;5;0;5;NO CONTADO
RYG-MIN-0001;MINI CATALIZADOR;;;180;3;0;1;2;NO CONTADO
RYG-MOD-0001;MODULO TICO;;13260-78B00-000;130;0;0;0;0;NO CONTADO
RYG-MLV-0001;MULTIVALVULA CILINDRICO CON BOBINA;ESTÁNDAR;;300;0;0;0;0;NO CONTADO
RYG-MLV-0002;MULTIVALVULA CILINDRICO SIN BOBINA;ESTÁNDAR;;280;4;20;9;15;CONTADO
RYG-MLV-0003;MULTIVALVULA PARA TANQUE 12 GL;BRC;;0;1;0;0;1;NO CONTADO
RYG-MLV-0004;MULTIVALVULA PARA TANQUE 15 GL;BRC;;0;1;0;0;1;NO CONTADO
RYG-MLV-0005;MULTIVALVULA TOROIDAL;BRC;;450;0;0;0;0;NO CONTADO
RYG-MLV-0006;MULTIVALVULA TOROIDAL;ESTANDAR;;280;15;0;8;7;CONTADO
RYG-MLV-0007;MULTIVALVULA TOROIDAL PARA TANQUE DE 12 A 15 GL;;;320;7;0;1;6;CONTADO
RYG-NIP-0001;NIPLES GLP 6MM;ESTANDAR;;2;0;0;0;0;NO CONTADO
RYG-NIP-0002;NIPLES GLP 8MM;ESTANDAR;;2;0;0;0;0;NO CONTADO
RYG-NIP-0003;NIPLES GNV;ESTANDAR;;2;0;0;0;0;NO CONTADO
RYG-OBT-0001;OBTURADOR NISSAN QG;;;350;1;0;1;0;NO CONTADO
RYG-OBT-0002;OBTURADOR TOYOTA PROBOX;;;300;2;0;0;2;NO CONTADO
RYG-ORG-0001;ORRINES ASIENTO DE TOYOTA TIPO RUEDA;TOYOTA;;2;100;0;0;100;NO CONTADO
RYG-ORG-0002;ORRINES CHINOS;ESTANDAR;;2;100;0;0;100;NO CONTADO
RYG-ORG-0003;ORRINES G.A GRANDES;NISSAN;;2;100;0;0;100;NO CONTADO
RYG-ORG-0004;ORRINES G.A MODERNO;NISSAN;;2;100;0;0;100;NO CONTADO
RYG-ORG-0005;ORRINES G.A PEQUEÑO;NISSAN;;2;100;0;0;100;NO CONTADO
RYG-ORG-0006;ORRINES GR15 GRUESO;NISSAN;;2;100;0;0;100;NO CONTADO
RYG-ORG-0007;ORRINES GRUESOS;ESTANDAR;;2;100;0;0;100;NO CONTADO
RYG-ORG-0008;ORRINES LIFAN;LIFAN;;2;100;0;0;100;NO CONTADO
RYG-ORG-0009;ORRINES Q.G;NISSAN;;2;100;0;0;100;NO CONTADO
RYG-ORG-0010;ORRINES TOYOTA;TOYOTA;;2;100;0;0;100;NO CONTADO
RYG-PRN-0001;PERNO DE 7/16 MM - 1 PULGADA;ESTANDAR - HEXAG GR-8 7/16 X 1;PG80066;1;101;0;0;101;NO CONTADO
RYG-PRN-0002;PERNO DE 7/16 MM - 1.5 PULGADA;ESTANDAR - HEXAG GR-8 7/16 X 1 1/2;PG80066;1;102;0;0;102;NO CONTADO
RYG-PRN-0003;PERNO DE 7/16 MM - 2 PULGADAS;ESTANDAR - HEXAG GR-8 7/16 X 2;PG80066;1;103;0;0;103;NO CONTADO
RYG-PRN-0004;PERNO DE 7/16 MM - 2.5 PULGADAS;ESTANDAR - HEXAG GR-8 7/16 X 2 1/2;PG80066;1;104;0;0;104;NO CONTADO
RYG-PRN-0005;PERNO DE 7/16 MM - 3 PULGADAS;ESTANDAR - HEXAG GR-8 7/16 X 3;PG80066;1;105;0;0;105;NO CONTADO
RYG-PRN-0006;PERNO DE 7/16 MM - 4 PULGADAS;ESTANDAR - HEXAG GR-8 7/16 X 4;PG80066;1;106;0;0;106;NO CONTADO
RYG-PIN-0001;PINTURA NEGRA - SPRAY;ESTANDAR - SPRAY NEGRO;;10;69;0;0;69;NO CONTADO
RYG-POR-0001;PORTACHIP;;;10;3;102;12;93;NO CONTADO
RYG-POR-0002;PORTAFUSIBLE;ESTÁNDAR;;10;278;0;18;260;NO CONTADO
RYG-PRE-0001;PRESERVANTE DE COMBUSTIBLE;;;75;8;0;1;7;NO CONTADO
RYG-RML-0001;RAMAL;ELANTRA-STA. FE;39180-26900;120;1;0;0;1;NO CONTADO
RYG-RML-0002;RAMAL DE CONMUTADOR;;;0;156;0;0;156;NO CONTADO
RYG-RED-0001;REDUCCIONES DE AGUA;;3/4 8MM;50;50;0;0;50;NO CONTADO
RYG-RDC-0001;REDUCTOR 3ERA AT07 GLP;TOMASSETTO ACHILLE;;380;8;6;6;8;NO CONTADO
RYG-RDC-0002;REDUCTOR 3ERA GNV AT04 TOMASETTO;TOMASSETTO ACHILLE;;480;0;10;3;7;NO CONTADO
RYG-RDC-0003;REDUCTOR 3RA GLP;LOVATO;;380;2;0;2;0;NO CONTADO
RYG-RDC-0004;REDUCTOR 3RA GNV;LOVATO;;380;10;0;0;10;NO CONTADO
RYG-RDC-0005;REDUCTOR 5TA AT09 GLP;TOMASSETTO ACHILLE;REDGLP0001;450;21;13;35;-1;CONTADO
RYG-RDC-0006;REDUCTOR 5TA GLP SUPER;LOVATO;;550;1;0;0;1;NO CONTADO
RYG-RDC-0007;REDUCTOR 5TA GLP (SUPER);TOMASSETTO ACHILLE;;550;0;2;0;2;NO CONTADO
RYG-RDC-0008;REDUCTOR 5TA GNV;BRC;;600;1;0;0;1;NO CONTADO
RYG-RDC-0009;REDUCTOR 5TA GNV;STAG;;680;1;0;0;1;NO CONTADO
RYG-RDC-0010;REDUCTOR 5TA GNV;LANDIRENZO;;680;1;0;0;1;NO CONTADO
RYG-RDC-0011;REDUCTOR 5TA GNV AT12 (SUPER);TOMASSETTO ACHILLE;;650;3;0;1;2;NO CONTADO
RYG-RDC-0012;REDUCTOR 5TA GNV AT12 TOMASETTO;CORDAEZ;;550;2;0;1;1;NO CONTADO
RYG-RDC-0013;REDUCTOR DE 3RA GLP;ATICKER;;350;1;0;0;1;NO CONTADO
RYG-RDC-0014;REDUCTOR DE 5TA GNV AT12 TOMASETTO;TOMASSETTO ACHILLE;;550;11;10;16;5;CONTADO
RYG-REF-0001;REFRIGERANTE ROJO DE 1 LITRO;;;25;4;10;4;10;NO CONTADO
RYG-REF-0002;REFRIGERANTE ROJO DE GALON;;;68;6;19;16;9;NO CONTADO
RYG-REF-0003;REFRIGERANTE VERDE DE 1 LITRO;;;20;18;0;0;18;NO CONTADO
RYG-REF-0004;REFRIGERANTE VERDE DE GALON;;;50;6;12;8;10;NO CONTADO
RYG-REG-0001;REGULADOR DE ALTA METAL;ESTANDAR;;25;0;61;7;54;NO CONTADO
RYG-REG-0002;REGULADOR DE GASOLINA;EPICA- OPTRA;96423299;130;8;0;0;8;NO CONTADO
RYG-REG-0003;REGULADOR DE GASOLINA;CHERY;IMP-72035;130;7;0;0;7;NO CONTADO
RYG-REG-0004;REGULADOR DE GASOLINA;CHEVROLET 4 BAR;IMP-72129;130;14;0;0;14;NO CONTADO
RYG-REG-0005;REGULADOR DE GASOLINA;DFSK;CD-T8141;130;12;0;0;12;NO CONTADO
RYG-REG-0006;REGULADOR DE GASOLINA;DONGFEN;25365835;130;11;0;0;11;NO CONTADO
RYG-REG-0007;REGULADOR DE GASOLINA;HYUNDAI;IMP-72020;130;2;0;0;2;NO CONTADO
RYG-REG-0008;REGULADOR DE GASOLINA;HYUNDAI;35301-2P000;130;4;0;0;4;NO CONTADO
RYG-REG-0009;REGULADOR DE GASOLINA;HYUNDAI ACCENT ORIGINAL;35301-1G000;130;8;0;0;8;NO CONTADO
RYG-REG-0010;REGULADOR DE GASOLINA;HYUNDAI ELANTRA 96;JH10690-0047;130;2;0;0;2;NO CONTADO
RYG-REG-0011;REGULADOR DE GASOLINA;KIA PICANTO;35301-07000;130;3;0;0;3;NO CONTADO
RYG-REG-0012;REGULADOR DE GASOLINA;NISSAN;22670-AH110;130;2;0;0;2;NO CONTADO
RYG-REG-0013;REGULADOR DE GASOLINA;NISSAN;22670-8H300;130;4;0;0;4;NO CONTADO
RYG-REG-0014;REGULADOR DE GASOLINA;NISSAN GA;MPDB20;130;3;0;0;3;NO CONTADO
RYG-REG-0015;REGULADOR DE GASOLINA;NISSAN GA;ITEM-TYR-071;130;3;0;0;3;NO CONTADO
RYG-REG-0016;REGULADOR DE GASOLINA;TOYOTA COROLA;23280-21010;130;11;0;0;11;NO CONTADO
RYG-REG-0017;REGULADOR DE GASOLINA;TOYOTA PROBOX;23280-22010;130;3;0;0;3;NO CONTADO
RYG-REG-0018;REGULADOR DE GASOLINA;JAC REFINE;BARJH10690-0015/52275;130;0;3;0;3;NO CONTADO
RYG-REL-0001;RELAY 5 PATITAS;ESTANDAR;;5;12;0;12;0;NO CONTADO
RYG-RIE-0001;RIEL DE GAS;IGT;;380;0;0;0;0;NO CONTADO
RYG-RIE-0002;RIEL DE GAS;LANDIRENZO;;500;4;20;4;20;NO CONTADO
RYG-RIE-0003;RIEL DE GAS;BRC(ALVA);;0;1;0;0;1;NO CONTADO
RYG-RIE-0004;RIEL DE GAS (2 BOBINA);ESTÁNDAR;;380;16;0;1;15;NO CONTADO
RYG-RIE-0005;RIEL DE GAS (3 BOBINA);ESTÁNDAR;;380;15;0;2;13;NO CONTADO
RYG-RIE-0006;RIEL DE GAS 4CIL IG4 DAKOTA RAIL + RAMPA;PLOMO;2 OHM;500;3;2;1;4;NO CONTADO
RYG-RIE-0007;RIEL DE GAS 4CIL IG4 DAKOTA RAIL + RAMPA;VERDE;1.5 OHM;520;0;2;0;2;NO CONTADO
RYG-RIE-0008;RIEL DE GAS 4CIL IG4 DAKOTA RAIL + RAMPA;NEGRO;1.9 OHM;500;2;0;1;1;NO CONTADO
RYG-RIE-0009;RIEL DE GAS IG7;DAKOTA;;450;3;0;0;3;NO CONTADO
RYG-RIE-0010;RIEL DE GAS IG7 (3 CIL);;;500;2;0;0;2;NO CONTADO
RYG-RIE-0011;RIEL DE GAS IG7 (4 CIL);;;450;4;0;0;4;NO CONTADO
RYG-RIE-0012;RIEL DE GAS RAIL;;;380;39;45;41;43;NO CONTADO
RYG-RIE-0013;RIEL DE INYECTOR ( SOLO INYECTORE);BRC;;350;1;0;1;0;NO CONTADO
RYG-RIE-0014;RIEL DE INYECTOR INDEPENDIENTE;BRC BLUE;;400;32;0;0;32;NO CONTADO
RYG-SNR-0001;SENOSR IAC;CHEVROLET SPARK ,DAEWOO, CILEO;17059602;120;8;0;2;6;NO CONTADO
RYG-SNR-0002;SENOSR IAC;DONGFEN;61296;120;9;0;0;9;NO CONTADO
RYG-SNR-0003;SENOSR IAC;JAC;F01R065905;120;8;0;0;8;NO CONTADO
RYG-SNR-0004;SENOSR IAC;JAC REFINE;17102851;120;8;0;0;8;NO CONTADO
RYG-SNR-0005;SENOSR IAC;JHON LONG;F012065901;120;5;0;0;5;NO CONTADO
RYG-SNR-0006;SENOSR IAC;JIMBEI HAISE;CV00218-1181;120;2;0;0;2;NO CONTADO
RYG-SNR-0007;SENOSR IAC;CHANGAN / N300;F01R065906;120;13;10;16;7;NO CONTADO
RYG-SNR-0008;SENSOR CHEVROLET SPARK LITE IAC;ESTÁNDAR;IMP-02066;120;3;0;0;3;NO CONTADO
RYG-SNR-0009;SENSOR DE CIGÜEÑAL;JAC REFINE MODERNO;F01R00F009;130;3;0;0;3;NO CONTADO
RYG-SNR-0010;SENSOR DE CIGÜEÑAL;KIA PICANTO;39180-04000;130;5;0;0;5;NO CONTADO
RYG-SNR-0011;SENSOR DE EJE DE LEVA;CHEVROLET TRACKER / HYUNDAI STA FE / KIA;39310-38050;130;5;0;0;5;NO CONTADO
RYG-SNR-0012;SENSOR DE EJE DE LEVA;HYUNDAI ATOS / KIA PICANTO;39350-02710;130;4;0;0;4;NO CONTADO
RYG-SNR-0013;SENSOR DE FLUJO DE AIRE;HYUNDAI;IMP-58027;130;1;0;0;1;NO CONTADO
RYG-SNR-0014;SENSOR DE GOLPETEO;CHEVROLET SAIL;IMP-45006;130;1;0;0;1;NO CONTADO
RYG-SNR-0015;SENSOR DE LEVA;CHANGAN;F01R00B003;130;7;0;0;7;NO CONTADO
RYG-SNR-0016;SENSOR DE LEVA;CHEVROLET SPARK 3CC;96325867;130;2;0;0;2;NO CONTADO
RYG-SNR-0017;SENSOR DE LEVA;HYUNDAI;2B030;130;8;0;0;8;NO CONTADO
RYG-SNR-0018;SENSOR DE LEVA;HYUNDAI I10;3935026900;130;5;0;0;5;NO CONTADO
RYG-SNR-0019;SENSOR DE LEVA;JAC REFINE ORIGINAL;85021 - IMP-H7425;130;3;0;0;3;NO CONTADO
RYG-SNR-0020;SENSOR DE LEVA;NISSAN PATHFINDER;IMP-82122;130;2;0;0;2;NO CONTADO
RYG-SNR-0021;SENSOR DE LEVA;SPARK GPT;96325868;130;0;3;1;2;NO CONTADO
RYG-SNR-0022;SENSOR DE LEVA;DFSK;3752020/D1502;130;0;0;1;-1;NO CONTADO
RYG-SNR-0023;SENSOR DE LEVAS BOSCH;CHANGAN;261210143;130;8;0;0;8;NO CONTADO
RYG-SNR-0024;SENSOR DE LEVAS BOSCH;NISSAN ALTIMA;IMP-82026;130;1;0;0;1;NO CONTADO
RYG-SNR-0025;SENSOR DE LEVA;HYUNDAI ACCENT / KIA RIO;39350-3F100;130;0;0;0;0;NO CONTADO
RYG-SNR-0026;SENSOR DE MINIMO;HYUNDAI ACCENT KIA RIO 2010;IH-24035;120;1;0;0;1;NO CONTADO
RYG-SNR-0027;SENSOR DE NIVEL;BRC;DEL EQUIPO;280;0;0;0;0;NO CONTADO
RYG-SNR-0028;SENSOR DE NIVEL 1090 (SIN RAMAL);;;90;11;0;0;11;NO CONTADO
RYG-SNR-0029;SENSOR DE NIVEL;STAG;;280;4;0;0;4;NO CONTADO
RYG-SNR-0030;SENSOR DE NIVEL 1050 ( SIN RAMAL);;;90;0;0;0;0;NO CONTADO
RYG-SNR-0031;SENSOR DE NIVEL 1050 GLP;ESTANDAR;;150;1;20;23;-2;CONTADO
RYG-SNR-0032;SENSOR DE NIVEL 1090 GLP;ESTANDAR;;150;8;0;2;6;NO CONTADO
RYG-SNR-0033;SENSOR DE OXIGENO;HYUNDAI;BN-14020/ 39210-286310;180;4;0;1;3;NO CONTADO
RYG-SNR-0034;SENSOR DE OXIGENO ALTERNATIVO;CHEVROLET PRISMA;;0;1;0;0;1;NO CONTADO
RYG-SNR-0035;SENSOR DE OXIGENO BOSH;;;180;3;2;2;3;NO CONTADO
RYG-SNR-0036;SENSOR DE OXIGENO ORIGINAL;CHEVROLET PRISMA;;0;1;0;0;1;NO CONTADO
RYG-SNR-0037;SENSOR DE SIGUEÑAL;HYUNDAI /SONATA / TUCSON / STA FE;39180-25300;130;4;0;0;4;NO CONTADO
RYG-SNR-0038;SENSOR DE SIGUEÑAL;DFSK;25C1119NN;130;1;0;0;1;NO CONTADO
RYG-SNR-0039;SENSOR DE SIGUEÑAL;HYUNDAI ELANTRA KIA CERATO;39180-23500;130;6;0;0;6;NO CONTADO
RYG-SNR-0040;SENSOR DE SIGUEÑAL;KIA;39180-22600;130;1;0;0;1;NO CONTADO
RYG-SNR-0041;SENSOR DE SIGUEÑAL;LEVA DONG FEN;28091971;130;2;0;0;2;NO CONTADO
RYG-SNR-0042;SENSOR DE SIGUEÑAL;LIFAN;IMP-82086;130;1;0;0;1;NO CONTADO
RYG-SNR-0043;SENSOR DE SIGUEÑAL;NISSAN QG;23731-4M500;130;5;0;0;5;NO CONTADO
RYG-SNR-0044;SENSOR DE SIGUEÑAL;KIA PICANTO;39180-03200;130;3;0;0;3;NO CONTADO
RYG-SNR-0045;SENSOR DE SIGÜEÑAL;CARRO CHIÑO;ZSCC1114;130;1;0;0;1;NO CONTADO
RYG-SNR-0046;SENSOR DE SIGÜEÑAL;CHEVROLET SAIL;12615626;130;7;0;0;7;NO CONTADO
RYG-SNR-0047;SENSOR DE SIGÜEÑAL;DFSK;ZSC1114F;130;7;0;0;7;NO CONTADO
RYG-SNR-0048;SENSOR DE SIGÜEÑAL;N300;24533468;130;6;0;0;6;NO CONTADO
RYG-SNR-0049;SENSOR DE TEMPERATURA DE REDUCTOR;DFSK C37;BN-82021;80;6;0;0;6;NO CONTADO
RYG-SNR-0050;SENSOR DE TEMPERATURA DE REDUCTOR;;;80;14;52;31;35;NO CONTADO
RYG-SNR-0051;SENSOR DE TPS;CHEVROLET SPARK 3CC;SS11112-11B1;130;1;0;0;1;NO CONTADO
RYG-SNR-0052;SENSOR FLUJO DE AIRE;NISSAN;22680-4M501;250;4;0;0;4;NO CONTADO
RYG-SNR-0053;SENSOR IAC;GREAT WALL WINGLE;C5185A;0;0;0;0;0;NO CONTADO
RYG-SNR-0054;SENSOR LEVA;CHANGAN;GTH-1427;130;9;0;1;8;NO CONTADO
RYG-SNR-0055;SENSOR MAP;CHEVROLET AVEO;261230282;120;1;0;0;1;NO CONTADO
RYG-SNR-0056;SENSOR MAP;CHEVROLET SPARK- DAEWOO MATIZ;96330547;120;2;0;0;2;NO CONTADO
RYG-SNR-0057;SENSOR MAP;CHEVY TAXY;ID16-69240 / 12569240;120;3;0;0;3;NO CONTADO
RYG-SNR-0058;SENSOR MAP;HYUNDAI;39300-2B000;120;3;0;0;3;NO CONTADO
RYG-SNR-0059;SENSOR MAP;BRC;;0;1;0;0;1;NO CONTADO
RYG-SNR-0060;SENSOR MAP;LANDIRENZO;;0;0;0;0;0;NO CONTADO
RYG-SNR-0061;SENSOR MAP;ITATRONIC;;120;0;1;1;0;NO CONTADO
RYG-SNR-0062;SENSOR MAP DE GAS;;;120;-2;29;3;24;NO CONTADO
RYG-SNR-0063;SENSOR SIGUEÑAL;KIA RIO 2015;39180-2B000;130;8;0;1;7;NO CONTADO
RYG-SNR-0064;SENSOR SIGUEÑAL;SONATA-KIA OPTIMA;39180-23910;130;2;0;0;2;NO CONTADO
RYG-SNR-0065;SENSOR TPS;CHANGAN;F01R064915;120;2;0;0;2;NO CONTADO
RYG-SNR-0066;SENSOR TPS;CHEVROLET SPARK;IMP- 92050;120;1;0;0;1;NO CONTADO
RYG-SNR-0067;SENSOR DE LEVA;DFSK-GLORY;3752020/D1502;130;0;4;0;4;NO CONTADO
RYG-SIL-0001;SILICONA;;;15;0;0;0;0;NO CONTADO
RYG-STI-0001;STICKER CONMUTADOR;;;10;25;0;1;24;NO CONTADO
RYG-TXX-0001;T DE AGUA GLP;METAL;19*16*19;25;52;0;12;40;NO CONTADO
RYG-TXX-0002;T DE AGUA GLP;BRC;;25;4;0;0;4;NO CONTADO
RYG-TXX-0003;T DE AGUA GLP;PLÁSTICO;;25;28;0;0;28;NO CONTADO
RYG-TXX-0004;T DE AGUA GLP;METAL;16*16*16;25;28;0;17;11;NO CONTADO
RYG-TXX-0005;T DE AGUA GNV;METAL;19*8*19;25;24;0;9;15;NO CONTADO
RYG-TXX-0006;T DE AGUA GNV;METAL;16*8*16;25;47;0;6;41;NO CONTADO
RYG-TXX-0007;T DE MANOMETRO;ESTANDAR;;25;37;0;0;37;NO CONTADO
RYG-TNQ-0001;TANQUE GLP TOROIDAL 9 GL  BRIDA INTERNA;;;400;9;0;10;-1;CONTADO
RYG-TNQ-0002;TANQUE GLP CILINDRICO 11GL;;;450;3;3;6;0;NO CONTADO
RYG-TNQ-0003;TANQUE GLP CILINDRICO 9 GL;;;300;1;3;1;3;NO CONTADO
RYG-TNQ-0004;TANQUE GLP LENTEJITA  5 GL;;;250;0;0;0;0;NO CONTADO
RYG-TNQ-0005;TANQUE GLP LENTEJITA 7 GL;;;250;0;0;0;0;NO CONTADO
RYG-TNQ-0006;TANQUE GLP TOROIDAL 12GL  BRIDA EXTERNA;;;600;0;0;0;0;NO CONTADO
RYG-TNQ-0007;TANQUE GLP TOROIDAL 12GL  BRIDA INTERNA;;;650;2;0;0;2;NO CONTADO
RYG-TNQ-0008;TANQUE GLP TOROIDAL 15 GL  BRIDA INTERNA;;;450;3;0;1;2;NO CONTADO
RYG-TNQ-0009;TANQUE GLP TOROIDAL 15 GL BRIDA EXTERNA;;;750;3;0;1;2;NO CONTADO
RYG-TNQ-0010;TANQUE GLP TOROIDAL 7GL BRIDA INTERNA;;;350;0;0;0;0;NO CONTADO
RYG-TNQ-0011;TANQUE GLP TOROIDAL 9GL BRIDA EXTERNA;;;360;2;0;2;0;NO CONTADO
RYG-TNQ-0012;TANQUE GNV 26 LTR;;;1200;2;0;2;0;NO CONTADO
RYG-TNQ-0013;TANQUE GNV 28 LTR;;;1200;2;15;1;16;NO CONTADO
RYG-TNQ-0014;TANQUE GNV 40 LTR;;;1300;0;20;7;13;NO CONTADO
RYG-TNQ-0015;TANQUE GNV 55 LTR;;;1400;1;25;13;13;NO CONTADO
RYG-TPN-0001;TAPÓN DE T DE MANOMETRO;;;5;0;0;0;0;NO CONTADO
RYG-TPN-0002;TAPON DE VALVULA DE TANQUE 6MM;ESTANDAR;;2;100;0;0;100;NO CONTADO
RYG-TPN-0003;TAPON TOMA DE CARGA;ESTANDAR;;25;28;0;4;24;NO CONTADO
RYG-TEF-0001;TEFLON;ESTÁNDAR;;2;0;0;0;0;NO CONTADO
RYG-TMA-0001;TOMA DE CARGA ESPECIAL GLP;ESTÁNDAR;;120;22;16;18;20;NO CONTADO
RYG-TMA-0002;TOMA DE CARGA ESPECIAL GLP (SIN ACOPLE);;;75;0;0;0;0;NO CONTADO
RYG-TMA-0003;TOMA DE CARGA GNV;PARA MINIVAN;;180;0;0;0;0;NO CONTADO
RYG-TMA-0004;TOMA DE CARGA GNV;ESTANDAR;;180;26;0;16;10;NO CONTADO
RYG-TMA-0005;TOMA DE CARGA NORMAL GLP;ESTÁNDAR;;120;8;0;0;8;NO CONTADO
RYG-TMA-0006;TOMA DE CARGA NORMAL IGT;ESTÁNDAR;;120;48;0;0;48;NO CONTADO
RYG-TMA-0007;TOMA DE CARGA PARA HYUNDAY SONATA;ESTÁNDAR;;220;1;0;0;1;NO CONTADO
RYG-TUER-0001;TUERCA 7/16 MM;ESTANDAR;;1;0;0;0;0;NO CONTADO
RYG-TUER-0002;TUERCA DE TOMA DE CARGA GNV;ESTÁNDAR;;1;0;0;0;0;NO CONTADO
RYG-UNI-0001;UNION DE AGUA GLP : 16A 08;;;25;6;0;0;6;NO CONTADO
RYG-UNI-0002;UNION DE AGUA GLP 3/4;;;25;0;0;4;-4;NO CONTADO
RYG-UNI-0003;UNION DE AGUA GLP DE 5/8;;;25;27;0;6;21;NO CONTADO
RYG-UNI-0004;UNION DE CAÑERIA 8MM;;;25;42;0;2;40;NO CONTADO
RYG-UNI-0005;UNION DE CAÑERIA GLP 6mm;;;25;35;0;3;32;NO CONTADO
RYG-UNI-0006;UNION DE CAÑERIA GNV 6mm;;;25;57;0;1;56;NO CONTADO
RYG-VLV-0001;VALVULA CANISTER;GRAND VAN;280142310;130;2;0;0;2;NO CONTADO
RYG-VLV-0002;VALVULA CANISTER;HYUNDAI- KIA;29010-2B000;130;2;0;0;2;NO CONTADO
RYG-VLV-0003;VALVULA DE TANQUE;ESTÁNDAR;;160;-6;0;27;-33;NO CONTADO
RYG-VLV-0004;VALVULA PCV;CHEVROLET SAIL;9024070;35;9;0;2;7;NO CONTADO
RYG-VLV-0005;VALVULA PCV;DFSK/ GLORY 580;;35;12;0;2;10;NO CONTADO
RYG-VLV-0006;VALVULA PCV;KIA RIO / HYUNDAI ACCENT / ELANTRA;26740-2G000;35;6;0;0;6;NO CONTADO
RYG-VLV-0007;VALVULA PCV;N200 / N300;24516476;35;10;0;1;9;NO CONTADO
RYG-VLV-0008;VALVULA PCV;NISSAN INFINITI / ALTIMA /FRONTIER /PATHFINDER;18810-6N202;35;9;0;0;9;NO CONTADO
RYG-VLV-0009;VALVULA PCV;TOYOTA PROBOX / COROLLA / CAMRY / RAV4;12204-28030;35;13;0;0;13;NO CONTADO
RYG-VLV-0010;VALVULA PCV;CHANGAN;BN-86007;35;7;0;0;7;NO CONTADO
RYG-VLV-0011;VALVULA PCV;CHEVROLET / SUZUKI / DAEWOO;94580183;35;0;0;0;0;NO CONTADO
RYG-VLV-0012;VALVULA PCV;SUZUKI;1811853B000;35;0;0;0;0;NO CONTADO
RYG-VLV-0013;VALVULA PCV;TOYOTA TERCEL;1220410030;35;0;5;0;5;NO CONTADO
RYG-VLV-0014;VALVULA PCV;SUZUKI;18118-53B00;35;0;5;0;5;NO CONTADO
RYG-VLV-0015;VALVULA PCV;CHEVROLET;94580183;35;0;4;0;4;NO CONTADO
RYG-VAR-0001;VARIADOR DE ADVANCE/ A.E.B. COBRA;ESTÁNDAR;510N;220;9;0;0;9;NO CONTADO
RYG-VVT-0001;VVTI;KIA;;200;1;0;0;1;NO CONTADO
RYG-VVT-0002;VVTI;TOYOTA PROBOX;;200;1;0;0;1;NO CONTADO
RYG-VVT-0003;VVTI;TOYOTA YARIS;;200;1;0;0;1;NO CONTADO
RYG-VVT-0004;VVTI JAC REFINE;;;200;0;0;0;0;NO CONTADO
